1,aa
2,bb
3,cc
4,dd
5,ee
6,ff
7,gg
8,hh
9,aa
10,bb
11,cc
12,dd
13,ee
14,ff
15,gg
16,hh
17,aa
18,bb
19,cc
20,dd
21,ee
22,ff
23,gg
24,hh
25,aa
26,bb
27,cc
28,dd
29,ee
30,ff
31,gg
32,hh
33,aa
34,bb
35,cc
36,dd
37,ee
38,ff
39,gg
40,hh
41,aa
42,bb
43,cc
44,dd
45,ee
46,ff
47,gg
48,hh
49,aa
50,bb
51,cc
52,dd
53,ee
54,ff
55,gg
56,hh
57,aa
58,bb
59,cc
60,dd
61,ee
62,ff
63,gg
64,hh
65,aa
66,bb
67,cc
68,dd
69,ee
70,ff
71,gg
72,hh
73,aa
74,bb
75,cc
76,dd
77,ee
78,ff
79,gg
80,hh
81,aa
82,bb
83,cc
84,dd
85,ee
86,ff
87,gg
88,hh
89,aa
90,bb
91,cc
92,dd
93,ee
94,ff
95,gg
96,hh
97,aa
98,bb
99,cc
100,dd
101,ee
102,ff
103,gg
104,hh
105,aa
106,bb
107,cc
108,dd
109,ee
110,ff
111,gg
112,hh
113,aa
114,bb
115,cc
116,dd
117,ee
118,ff
119,gg
120,hh
121,aa
122,bb
123,cc
124,dd
125,ee
126,ff
127,gg
128,hh
129,aa
130,bb
131,cc
132,dd
133,ee
134,ff
135,gg
136,hh
137,aa
138,bb
139,cc
140,dd
141,ee
142,ff
143,gg
144,hh
145,aa
146,bb
147,cc
148,dd
149,ee
150,ff
151,gg
152,hh
153,aa
154,bb
155,cc
156,dd
157,ee
158,ff
159,gg
160,hh
161,aa
162,bb
163,cc
164,dd
165,ee
166,ff
167,gg
168,hh
169,aa
170,bb
171,cc
172,dd
173,ee
174,ff
175,gg
176,hh
177,aa
178,bb
179,cc
180,dd
181,ee
182,ff
183,gg
184,hh
185,aa
186,bb
187,cc
188,dd
189,ee
190,ff
191,gg
192,hh
193,aa
194,bb
195,cc
196,dd
197,ee
198,ff
199,gg
200,hh
201,aa
202,bb
203,cc
204,dd
205,ee
206,ff
207,gg
208,hh
209,aa
210,bb
211,cc
212,dd
213,ee
214,ff
215,gg
216,hh
217,aa
218,bb
219,cc
220,dd
221,ee
222,ff
223,gg
224,hh
225,aa
226,bb
227,cc
228,dd
229,ee
230,ff
231,gg
232,hh
233,aa
234,bb
235,cc
236,dd
237,ee
238,ff
239,gg
240,hh
241,aa
242,bb
243,cc
244,dd
245,ee
246,ff
247,gg
248,hh
249,aa
250,bb
251,cc
252,dd
253,ee
254,ff
255,gg
256,hh
257,aa
258,bb
259,cc
260,dd
261,ee
262,ff
263,gg
264,hh
265,aa
266,bb
267,cc
268,dd
269,ee
270,ff
271,gg
272,hh
273,aa
274,bb
275,cc
276,dd
277,ee
278,ff
279,gg
280,hh
281,aa
282,bb
283,cc
284,dd
285,ee
286,ff
287,gg
288,hh
289,aa
290,bb
291,cc
292,dd
293,ee
294,ff
295,gg
296,hh
297,aa
298,bb
299,cc
300,dd
301,ee
302,ff
303,gg
304,hh
305,aa
306,bb
307,cc
308,dd
309,ee
310,ff
311,gg
312,hh
313,aa
314,bb
315,cc
316,dd
317,ee
318,ff
319,gg
320,hh
321,aa
322,bb
323,cc
324,dd
325,ee
326,ff
327,gg
328,hh
329,aa
330,bb
331,cc
332,dd
333,ee
334,ff
335,gg
336,hh
337,aa
338,bb
339,cc
340,dd
341,ee
342,ff
343,gg
344,hh
345,aa
346,bb
347,cc
348,dd
349,ee
350,ff
351,gg
352,hh
353,aa
354,bb
355,cc
356,dd
357,ee
358,ff
359,gg
360,hh
361,aa
362,bb
363,cc
364,dd
365,ee
366,ff
367,gg
368,hh
369,aa
370,bb
371,cc
372,dd
373,ee
374,ff
375,gg
376,hh
377,aa
378,bb
379,cc
380,dd
381,ee
382,ff
383,gg
384,hh
385,aa
386,bb
387,cc
388,dd
389,ee
390,ff
391,gg
392,hh
393,aa
394,bb
395,cc
396,dd
397,ee
398,ff
399,gg
400,hh
401,aa
402,bb
403,cc
404,dd
405,ee
406,ff
407,gg
408,hh
409,aa
410,bb
411,cc
412,dd
413,ee
414,ff
415,gg
416,hh
417,aa
418,bb
419,cc
420,dd
421,ee
422,ff
423,gg
424,hh
425,aa
426,bb
427,cc
428,dd
429,ee
430,ff
431,gg
432,hh
433,aa
434,bb
435,cc
436,dd
437,ee
438,ff
439,gg
440,hh
441,aa
442,bb
443,cc
444,dd
445,ee
446,ff
447,gg
448,hh
449,aa
450,bb
451,cc
452,dd
453,ee
454,ff
455,gg
456,hh
457,aa
458,bb
459,cc
460,dd
461,ee
462,ff
463,gg
464,hh
465,aa
466,bb
467,cc
468,dd
469,ee
470,ff
471,gg
472,hh
473,aa
474,bb
475,cc
476,dd
477,ee
478,ff
479,gg
480,hh
481,aa
482,bb
483,cc
484,dd
485,ee
486,ff
487,gg
488,hh
489,aa
490,bb
491,cc
492,dd
493,ee
494,ff
495,gg
496,hh
497,aa
498,bb
499,cc
500,dd
501,ee
502,ff
503,gg
504,hh
505,aa
506,bb
507,cc
508,dd
509,ee
510,ff
511,gg
512,hh
513,aa
514,bb
515,cc
516,dd
517,ee
518,ff
519,gg
520,hh
521,aa
522,bb
523,cc
524,dd
525,ee
526,ff
527,gg
528,hh
529,aa
530,bb
531,cc
532,dd
533,ee
534,ff
535,gg
536,hh
537,aa
538,bb
539,cc
540,dd
541,ee
542,ff
543,gg
544,hh
545,aa
546,bb
547,cc
548,dd
549,ee
550,ff
551,gg
552,hh
553,aa
554,bb
555,cc
556,dd
557,ee
558,ff
559,gg
560,hh
561,aa
562,bb
563,cc
564,dd
565,ee
566,ff
567,gg
568,hh
569,aa
570,bb
571,cc
572,dd
573,ee
574,ff
575,gg
576,hh
577,aa
578,bb
579,cc
580,dd
581,ee
582,ff
583,gg
584,hh
585,aa
586,bb
587,cc
588,dd
589,ee
590,ff
591,gg
592,hh
593,aa
594,bb
595,cc
596,dd
597,ee
598,ff
599,gg
600,hh
601,aa
602,bb
603,cc
604,dd
605,ee
606,ff
607,gg
608,hh
609,aa
610,bb
611,cc
612,dd
613,ee
614,ff
615,gg
616,hh
617,aa
618,bb
619,cc
620,dd
621,ee
622,ff
623,gg
624,hh
625,aa
626,bb
627,cc
628,dd
629,ee
630,ff
631,gg
632,hh
633,aa
634,bb
635,cc
636,dd
637,ee
638,ff
639,gg
640,hh
641,aa
642,bb
643,cc
644,dd
645,ee
646,ff
647,gg
648,hh
649,aa
650,bb
651,cc
652,dd
653,ee
654,ff
655,gg
656,hh
657,aa
658,bb
659,cc
660,dd
661,ee
662,ff
663,gg
664,hh
665,aa
666,bb
667,cc
668,dd
669,ee
670,ff
671,gg
672,hh
673,aa
674,bb
675,cc
676,dd
677,ee
678,ff
679,gg
680,hh
681,aa
682,bb
683,cc
684,dd
685,ee
686,ff
687,gg
688,hh
689,aa
690,bb
691,cc
692,dd
693,ee
694,ff
695,gg
696,hh
697,aa
698,bb
699,cc
700,dd
701,ee
702,ff
703,gg
704,hh
705,aa
706,bb
707,cc
708,dd
709,ee
710,ff
711,gg
712,hh
713,aa
714,bb
715,cc
716,dd
717,ee
718,ff
719,gg
720,hh
721,aa
722,bb
723,cc
724,dd
725,ee
726,ff
727,gg
728,hh
729,aa
730,bb
731,cc
732,dd
733,ee
734,ff
735,gg
736,hh
737,aa
738,bb
739,cc
740,dd
741,ee
742,ff
743,gg
744,hh
745,aa
746,bb
747,cc
748,dd
749,ee
750,ff
751,gg
752,hh
753,aa
754,bb
755,cc
756,dd
757,ee
758,ff
759,gg
760,hh
761,aa
762,bb
763,cc
764,dd
765,ee
766,ff
767,gg
768,hh
769,aa
770,bb
771,cc
772,dd
773,ee
774,ff
775,gg
776,hh
777,aa
778,bb
779,cc
780,dd
781,ee
782,ff
783,gg
784,hh
785,aa
786,bb
787,cc
788,dd
789,ee
790,ff
791,gg
792,hh
793,aa
794,bb
795,cc
796,dd
797,ee
798,ff
799,gg
800,hh
801,aa
802,bb
803,cc
804,dd
805,ee
806,ff
807,gg
808,hh
809,aa
810,bb
811,cc
812,dd
813,ee
814,ff
815,gg
816,hh
817,aa
818,bb
819,cc
820,dd
821,ee
822,ff
823,gg
824,hh
825,aa
826,bb
827,cc
828,dd
829,ee
830,ff
831,gg
832,hh
833,aa
834,bb
835,cc
836,dd
837,ee
838,ff
839,gg
840,hh
841,aa
842,bb
843,cc
844,dd
845,ee
846,ff
847,gg
848,hh
849,aa
850,bb
851,cc
852,dd
853,ee
854,ff
855,gg
856,hh
857,aa
858,bb
859,cc
860,dd
861,ee
862,ff
863,gg
864,hh
865,aa
866,bb
867,cc
868,dd
869,ee
870,ff
871,gg
872,hh
873,aa
874,bb
875,cc
876,dd
877,ee
878,ff
879,gg
880,hh
881,aa
882,bb
883,cc
884,dd
885,ee
886,ff
887,gg
888,hh
889,aa
890,bb
891,cc
892,dd
893,ee
894,ff
895,gg
896,hh
897,aa
898,bb
899,cc
900,dd
901,ee
902,ff
903,gg
904,hh
905,aa
906,bb
907,cc
908,dd
909,ee
910,ff
911,gg
912,hh
913,aa
914,bb
915,cc
916,dd
917,ee
918,ff
919,gg
920,hh
921,aa
922,bb
923,cc
924,dd
925,ee
926,ff
927,gg
928,hh
929,aa
930,bb
931,cc
932,dd
933,ee
934,ff
935,gg
936,hh
937,aa
938,bb
939,cc
940,dd
941,ee
942,ff
943,gg
944,hh
945,aa
946,bb
947,cc
948,dd
949,ee
950,ff
951,gg
952,hh
953,aa
954,bb
955,cc
956,dd
957,ee
958,ff
959,gg
960,hh
961,aa
962,bb
963,cc
964,dd
965,ee
966,ff
967,gg
968,hh
969,aa
970,bb
971,cc
972,dd
973,ee
974,ff
975,gg
976,hh
977,aa
978,bb
979,cc
980,dd
981,ee
982,ff
983,gg
984,hh
985,aa
986,bb
987,cc
988,dd
989,ee
990,ff
991,gg
992,hh
993,aa
994,bb
995,cc
996,dd
997,ee
998,ff
999,gg
1000,hh
1001,aa
1002,bb
1003,cc
1004,dd
1005,ee
1006,ff
1007,gg
1008,hh
1009,aa
1010,bb
1011,cc
1012,dd
1013,ee
1014,ff
1015,gg
1016,hh
1017,aa
1018,bb
1019,cc
1020,dd
1021,ee
1022,ff
1023,gg
1024,hh
1025,aa
1026,bb
1027,cc
1028,dd
1029,ee
1030,ff
1031,gg
1032,hh
1033,aa
1034,bb
1035,cc
1036,dd
1037,ee
1038,ff
1039,gg
1040,hh
1041,aa
1042,bb
1043,cc
1044,dd
1045,ee
1046,ff
1047,gg
1048,hh
1049,aa
1050,bb
1051,cc
1052,dd
1053,ee
1054,ff
1055,gg
1056,hh
1057,aa
1058,bb
1059,cc
1060,dd
1061,ee
1062,ff
1063,gg
1064,hh
1065,aa
1066,bb
1067,cc
1068,dd
1069,ee
1070,ff
1071,gg
1072,hh
1073,aa
1074,bb
1075,cc
1076,dd
1077,ee
1078,ff
1079,gg
1080,hh
1081,aa
1082,bb
1083,cc
1084,dd
1085,ee
1086,ff
1087,gg
1088,hh
1089,aa
1090,bb
1091,cc
1092,dd
1093,ee
1094,ff
1095,gg
1096,hh
1097,aa
1098,bb
1099,cc
1100,dd
1101,ee
1102,ff
1103,gg
1104,hh
1105,aa
1106,bb
1107,cc
1108,dd
1109,ee
1110,ff
1111,gg
1112,hh
1113,aa
1114,bb
1115,cc
1116,dd
1117,ee
1118,ff
1119,gg
1120,hh
1121,aa
1122,bb
1123,cc
1124,dd
1125,ee
1126,ff
1127,gg
1128,hh
1129,aa
1130,bb
1131,cc
1132,dd
1133,ee
1134,ff
1135,gg
1136,hh
1137,aa
1138,bb
1139,cc
1140,dd
1141,ee
1142,ff
1143,gg
1144,hh
1145,aa
1146,bb
1147,cc
1148,dd
1149,ee
1150,ff
1151,gg
1152,hh
1153,aa
1154,bb
1155,cc
1156,dd
1157,ee
1158,ff
1159,gg
1160,hh
1161,aa
1162,bb
1163,cc
1164,dd
1165,ee
1166,ff
1167,gg
1168,hh
1169,aa
1170,bb
1171,cc
1172,dd
1173,ee
1174,ff
1175,gg
1176,hh
1177,aa
1178,bb
1179,cc
1180,dd
1181,ee
1182,ff
1183,gg
1184,hh
1185,aa
1186,bb
1187,cc
1188,dd
1189,ee
1190,ff
1191,gg
1192,hh
1193,aa
1194,bb
1195,cc
1196,dd
1197,ee
1198,ff
1199,gg
1200,hh
1201,aa
1202,bb
1203,cc
1204,dd
1205,ee
1206,ff
1207,gg
1208,hh
1209,aa
1210,bb
1211,cc
1212,dd
1213,ee
1214,ff
1215,gg
1216,hh
1217,aa
1218,bb
1219,cc
1220,dd
1221,ee
1222,ff
1223,gg
1224,hh
1225,aa
1226,bb
1227,cc
1228,dd
1229,ee
1230,ff
1231,gg
1232,hh
1233,aa
1234,bb
1235,cc
1236,dd
1237,ee
1238,ff
1239,gg
1240,hh
1241,aa
1242,bb
1243,cc
1244,dd
1245,ee
1246,ff
1247,gg
1248,hh
1249,aa
1250,bb
1251,cc
1252,dd
1253,ee
1254,ff
1255,gg
1256,hh
1257,aa
1258,bb
1259,cc
1260,dd
1261,ee
1262,ff
1263,gg
1264,hh
1265,aa
1266,bb
1267,cc
1268,dd
1269,ee
1270,ff
1271,gg
1272,hh
1273,aa
1274,bb
1275,cc
1276,dd
1277,ee
1278,ff
1279,gg
1280,hh
1281,aa
1282,bb
1283,cc
1284,dd
1285,ee
1286,ff
1287,gg
1288,hh
1289,aa
1290,bb
1291,cc
1292,dd
1293,ee
1294,ff
1295,gg
1296,hh
1297,aa
1298,bb
1299,cc
1300,dd
1301,ee
1302,ff
1303,gg
1304,hh
1305,aa
1306,bb
1307,cc
1308,dd
1309,ee
1310,ff
1311,gg
1312,hh
1313,aa
1314,bb
1315,cc
1316,dd
1317,ee
1318,ff
1319,gg
1320,hh
1321,aa
1322,bb
1323,cc
1324,dd
1325,ee
1326,ff
1327,gg
1328,hh
1329,aa
1330,bb
1331,cc
1332,dd
1333,ee
1334,ff
1335,gg
1336,hh
1337,aa
1338,bb
1339,cc
1340,dd
1341,ee
1342,ff
1343,gg
1344,hh
1345,aa
1346,bb
1347,cc
1348,dd
1349,ee
1350,ff
1351,gg
1352,hh
1353,aa
1354,bb
1355,cc
1356,dd
1357,ee
1358,ff
1359,gg
1360,hh
1361,aa
1362,bb
1363,cc
1364,dd
1365,ee
1366,ff
1367,gg
1368,hh
1369,aa
1370,bb
1371,cc
1372,dd
1373,ee
1374,ff
1375,gg
1376,hh
1377,aa
1378,bb
1379,cc
1380,dd
1381,ee
1382,ff
1383,gg
1384,hh
1385,aa
1386,bb
1387,cc
1388,dd
1389,ee
1390,ff
1391,gg
1392,hh
1393,aa
1394,bb
1395,cc
1396,dd
1397,ee
1398,ff
1399,gg
1400,hh
1401,aa
1402,bb
1403,cc
1404,dd
1405,ee
1406,ff
1407,gg
1408,hh
1409,aa
1410,bb
1411,cc
1412,dd
1413,ee
1414,ff
1415,gg
1416,hh
1417,aa
1418,bb
1419,cc
1420,dd
1421,ee
1422,ff
1423,gg
1424,hh
1425,aa
1426,bb
1427,cc
1428,dd
1429,ee
1430,ff
1431,gg
1432,hh
1433,aa
1434,bb
1435,cc
1436,dd
1437,ee
1438,ff
1439,gg
1440,hh
1441,aa
1442,bb
1443,cc
1444,dd
1445,ee
1446,ff
1447,gg
1448,hh
1449,aa
1450,bb
1451,cc
1452,dd
1453,ee
1454,ff
1455,gg
1456,hh
1457,aa
1458,bb
1459,cc
1460,dd
1461,ee
1462,ff
1463,gg
1464,hh
1465,aa
1466,bb
1467,cc
1468,dd
1469,ee
1470,ff
1471,gg
1472,hh
1473,aa
1474,bb
1475,cc
1476,dd
1477,ee
1478,ff
1479,gg
1480,hh
1481,aa
1482,bb
1483,cc
1484,dd
1485,ee
1486,ff
1487,gg
1488,hh
1489,aa
1490,bb
1491,cc
1492,dd
1493,ee
1494,ff
1495,gg
1496,hh
1497,aa
1498,bb
1499,cc
1500,dd
1501,ee
1502,ff
1503,gg
1504,hh
1505,aa
1506,bb
1507,cc
1508,dd
1509,ee
1510,ff
1511,gg
1512,hh
1513,aa
1514,bb
1515,cc
1516,dd
1517,ee
1518,ff
1519,gg
1520,hh
1521,aa
1522,bb
1523,cc
1524,dd
1525,ee
1526,ff
1527,gg
1528,hh
1529,aa
1530,bb
1531,cc
1532,dd
1533,ee
1534,ff
1535,gg
1536,hh
1537,aa
1538,bb
1539,cc
1540,dd
1541,ee
1542,ff
1543,gg
1544,hh
1545,aa
1546,bb
1547,cc
1548,dd
1549,ee
1550,ff
1551,gg
1552,hh
1553,aa
1554,bb
1555,cc
1556,dd
1557,ee
1558,ff
1559,gg
1560,hh
1561,aa
1562,bb
1563,cc
1564,dd
1565,ee
1566,ff
1567,gg
1568,hh
1569,aa
1570,bb
1571,cc
1572,dd
1573,ee
1574,ff
1575,gg
1576,hh
1577,aa
1578,bb
1579,cc
1580,dd
1581,ee
1582,ff
1583,gg
1584,hh
1585,aa
1586,bb
1587,cc
1588,dd
1589,ee
1590,ff
1591,gg
1592,hh
1593,aa
1594,bb
1595,cc
1596,dd
1597,ee
1598,ff
1599,gg
1600,hh
1601,aa
1602,bb
1603,cc
1604,dd
1605,ee
1606,ff
1607,gg
1608,hh
1609,aa
1610,bb
1611,cc
1612,dd
1613,ee
1614,ff
1615,gg
1616,hh
1617,aa
1618,bb
1619,cc
1620,dd
1621,ee
1622,ff
1623,gg
1624,hh
1625,aa
1626,bb
1627,cc
1628,dd
1629,ee
1630,ff
1631,gg
1632,hh
1633,aa
1634,bb
1635,cc
1636,dd
1637,ee
1638,ff
1639,gg
1640,hh
1641,aa
1642,bb
1643,cc
1644,dd
1645,ee
1646,ff
1647,gg
1648,hh
1649,aa
1650,bb
1651,cc
1652,dd
1653,ee
1654,ff
1655,gg
1656,hh
1657,aa
1658,bb
1659,cc
1660,dd
1661,ee
1662,ff
1663,gg
1664,hh
1665,aa
1666,bb
1667,cc
1668,dd
1669,ee
1670,ff
1671,gg
1672,hh
1673,aa
1674,bb
1675,cc
1676,dd
1677,ee
1678,ff
1679,gg
1680,hh
1681,aa
1682,bb
1683,cc
1684,dd
1685,ee
1686,ff
1687,gg
1688,hh
1689,aa
1690,bb
1691,cc
1692,dd
1693,ee
1694,ff
1695,gg
1696,hh
1697,aa
1698,bb
1699,cc
1700,dd
1701,ee
1702,ff
1703,gg
1704,hh
1705,aa
1706,bb
1707,cc
1708,dd
1709,ee
1710,ff
1711,gg
1712,hh
1713,aa
1714,bb
1715,cc
1716,dd
1717,ee
1718,ff
1719,gg
1720,hh
1721,aa
1722,bb
1723,cc
1724,dd
1725,ee
1726,ff
1727,gg
1728,hh
1729,aa
1730,bb
1731,cc
1732,dd
1733,ee
1734,ff
1735,gg
1736,hh
1737,aa
1738,bb
1739,cc
1740,dd
1741,ee
1742,ff
1743,gg
1744,hh
1745,aa
1746,bb
1747,cc
1748,dd
1749,ee
1750,ff
1751,gg
1752,hh
1753,aa
1754,bb
1755,cc
1756,dd
1757,ee
1758,ff
1759,gg
1760,hh
1761,aa
1762,bb
1763,cc
1764,dd
1765,ee
1766,ff
1767,gg
1768,hh
1769,aa
1770,bb
1771,cc
1772,dd
1773,ee
1774,ff
1775,gg
1776,hh
1777,aa
1778,bb
1779,cc
1780,dd
1781,ee
1782,ff
1783,gg
1784,hh
1785,aa
1786,bb
1787,cc
1788,dd
1789,ee
1790,ff
1791,gg
1792,hh
1793,aa
1794,bb
1795,cc
1796,dd
1797,ee
1798,ff
1799,gg
1800,hh
1801,aa
1802,bb
1803,cc
1804,dd
1805,ee
1806,ff
1807,gg
1808,hh
1809,aa
1810,bb
1811,cc
1812,dd
1813,ee
1814,ff
1815,gg
1816,hh
1817,aa
1818,bb
1819,cc
1820,dd
1821,ee
1822,ff
1823,gg
1824,hh
1825,aa
1826,bb
1827,cc
1828,dd
1829,ee
1830,ff
1831,gg
1832,hh
1833,aa
1834,bb
1835,cc
1836,dd
1837,ee
1838,ff
1839,gg
1840,hh
1841,aa
1842,bb
1843,cc
1844,dd
1845,ee
1846,ff
1847,gg
1848,hh
1849,aa
1850,bb
1851,cc
1852,dd
1853,ee
1854,ff
1855,gg
1856,hh
1857,aa
1858,bb
1859,cc
1860,dd
1861,ee
1862,ff
1863,gg
1864,hh
1865,aa
1866,bb
1867,cc
1868,dd
1869,ee
1870,ff
1871,gg
1872,hh
1873,aa
1874,bb
1875,cc
1876,dd
1877,ee
1878,ff
1879,gg
1880,hh
1881,aa
1882,bb
1883,cc
1884,dd
1885,ee
1886,ff
1887,gg
1888,hh
1889,aa
1890,bb
1891,cc
1892,dd
1893,ee
1894,ff
1895,gg
1896,hh
1897,aa
1898,bb
1899,cc
1900,dd
1901,ee
1902,ff
1903,gg
1904,hh
1905,aa
1906,bb
1907,cc
1908,dd
1909,ee
1910,ff
1911,gg
1912,hh
1913,aa
1914,bb
1915,cc
1916,dd
1917,ee
1918,ff
1919,gg
1920,hh
1921,aa
1922,bb
1923,cc
1924,dd
1925,ee
1926,ff
1927,gg
1928,hh
1929,aa
1930,bb
1931,cc
1932,dd
1933,ee
1934,ff
1935,gg
1936,hh
1937,aa
1938,bb
1939,cc
1940,dd
1941,ee
1942,ff
1943,gg
1944,hh
1945,aa
1946,bb
1947,cc
1948,dd
1949,ee
1950,ff
1951,gg
1952,hh
1953,aa
1954,bb
1955,cc
1956,dd
1957,ee
1958,ff
1959,gg
1960,hh
1961,aa
1962,bb
1963,cc
1964,dd
1965,ee
1966,ff
1967,gg
1968,hh
1969,aa
1970,bb
1971,cc
1972,dd
1973,ee
1974,ff
1975,gg
1976,hh
1977,aa
1978,bb
1979,cc
1980,dd
1981,ee
1982,ff
1983,gg
1984,hh
1985,aa
1986,bb
1987,cc
1988,dd
1989,ee
1990,ff
1991,gg
1992,hh
1993,aa
1994,bb
1995,cc
1996,dd
1997,ee
1998,ff
1999,gg
2000,hh